id,iteration 1,iteration 2,iteration 3,color 8-2,color 8-2,Diff after change,Diff before change
1,blue,blue,blue,blue,blue,5,3
2,purple,purple,purple,purple,purple,5,3
3,purple,purple,purple,purple,purple,5,3
4,blue,blue,blue,blue,blue,5,3
5,blue,blue,blue,purple,purple,3,3
6,purple,purple,purple,purple,purple,5,3
7,blue,blue,blue,blue,blue,5,3
8,blue,blue,blue,purple,purple,3,3
9,purple,purple,purple,purple,purple,5,3
10,blue,blue,blue,purple,purple,3,3
11,blue,blue,blue,purple,purple,3,3
12,blue,blue,blue,purple,purple,3,3
13,blue,blue,blue,purple,purple,3,3
14,blue,blue,blue,purple,purple,3,3
15,purple,purple,purple,purple,purple,5,3
16,purple,purple,purple,purple,purple,5,3
17,purple,purple,purple,purple,purple,5,3
18,blue,blue,blue,blue,blue,5,3
19,blue,blue,blue,blue,blue,5,3
20,blue,blue,blue,purple,purple,3,3
21,purple,purple,purple,purple,purple,5,3
22,blue,blue,blue,purple,purple,3,3
23,purple,purple,purple,purple,purple,5,3
24,blue,blue,blue,purple,purple,3,3
25,purple,purple,purple,purple,purple,5,3
26,purple,purple,purple,purple,purple,5,3
27,blue,blue,blue,purple,purple,3,3
28,purple,purple,purple,purple,purple,5,3
29,blue,blue,blue,purple,purple,3,3
30,purple,purple,purple,purple,purple,5,3
31,blue,blue,blue,purple,purple,3,3
32,blue,blue,blue,blue,blue,5,3
33,purple,purple,purple,purple,purple,5,3
34,blue,blue,blue,purple,purple,3,3
35,purple,purple,purple,purple,purple,5,3
36,purple,purple,purple,purple,purple,5,3
37,purple,purple,purple,purple,purple,5,3
38,blue,blue,blue,purple,purple,3,3
39,blue,blue,blue,blue,blue,5,3
40,purple,purple,purple,purple,purple,5,3
41,blue,blue,blue,blue,blue,5,3
42,blue,blue,blue,blue,blue,5,3
43,blue,blue,blue,purple,purple,3,3
44,purple,purple,purple,purple,purple,5,3
45,blue,blue,blue,blue,blue,5,3
46,purple,purple,purple,purple,purple,5,3
47,purple,purple,purple,purple,purple,5,3
48,purple,purple,purple,purple,purple,5,3
49,blue,blue,blue,blue,blue,5,3
50,purple,purple,purple,purple,purple,5,3
51,blue,blue,blue,purple,purple,3,3
52,purple,purple,purple,purple,purple,5,3
53,blue,blue,blue,purple,purple,3,3
54,purple,purple,purple,purple,purple,5,3
55,blue,blue,blue,blue,blue,5,3
56,purple,purple,purple,purple,purple,5,3
57,blue,blue,blue,blue,blue,5,3
58,blue,blue,blue,purple,purple,3,3
59,purple,purple,purple,purple,purple,5,3
60,blue,blue,blue,purple,purple,3,3
61,purple,purple,purple,purple,purple,5,3
62,blue,blue,blue,blue,blue,5,3
63,blue,blue,blue,purple,purple,3,3
64,blue,blue,blue,purple,purple,3,3
65,blue,blue,blue,purple,purple,3,3
66,blue,blue,blue,purple,purple,3,3
67,purple,purple,purple,purple,purple,5,3
68,blue,blue,blue,blue,blue,5,3
69,purple,purple,purple,purple,purple,5,3
70,purple,purple,purple,purple,purple,5,3
71,purple,purple,purple,purple,purple,5,3
72,blue,blue,blue,blue,blue,5,3
73,purple,purple,purple,purple,purple,5,3
74,purple,purple,purple,purple,purple,5,3
75,blue,blue,blue,blue,blue,5,3
76,purple,purple,purple,purple,purple,5,3
77,blue,blue,blue,blue,blue,5,3
78,purple,purple,purple,purple,purple,5,3
79,blue,blue,blue,blue,blue,5,3
80,blue,blue,blue,blue,blue,5,3
81,purple,purple,purple,purple,purple,5,3
82,purple,purple,purple,purple,purple,5,3
83,purple,purple,purple,purple,purple,5,3
84,purple,purple,purple,purple,purple,5,3
85,purple,purple,purple,purple,purple,5,3
86,purple,purple,purple,purple,purple,5,3
87,blue,blue,blue,purple,purple,3,3
88,purple,purple,purple,purple,purple,5,3
89,blue,blue,blue,purple,purple,3,3
90,purple,purple,purple,purple,purple,5,3
91,blue,blue,blue,purple,purple,3,3
92,blue,blue,blue,blue,blue,5,3
93,blue,blue,blue,purple,purple,3,3
94,purple,purple,purple,purple,purple,5,3
95,blue,blue,blue,purple,purple,3,3
96,purple,purple,purple,purple,purple,5,3
97,purple,purple,purple,purple,purple,5,3
98,blue,blue,blue,blue,blue,5,3
99,purple,purple,purple,purple,purple,5,3
100,purple,purple,purple,purple,purple,5,3
101,purple,purple,purple,purple,purple,5,3
102,blue,blue,blue,purple,purple,3,3
103,purple,purple,purple,purple,purple,5,3
104,blue,blue,blue,purple,purple,3,3
105,purple,purple,purple,purple,purple,5,3
106,purple,purple,purple,purple,purple,5,3
107,purple,purple,purple,purple,purple,5,3
108,blue,blue,blue,purple,purple,3,3
109,blue,blue,blue,purple,purple,3,3
110,blue,blue,blue,purple,purple,3,3
111,purple,purple,purple,purple,purple,5,3
112,purple,purple,purple,purple,purple,5,3
113,blue,blue,blue,blue,blue,5,3
114,purple,purple,purple,purple,purple,5,3
115,blue,blue,blue,purple,purple,3,3
116,blue,blue,blue,purple,purple,3,3
117,blue,blue,blue,blue,blue,5,3
118,purple,purple,purple,purple,purple,5,3
119,purple,purple,purple,purple,purple,5,3
120,blue,blue,blue,purple,purple,3,3
121,purple,purple,purple,purple,purple,5,3
122,blue,blue,blue,purple,purple,3,3
123,purple,purple,purple,purple,purple,5,3
124,purple,purple,purple,purple,purple,5,3
125,purple,purple,purple,purple,purple,5,3
126,purple,purple,purple,purple,purple,5,3
127,blue,blue,blue,purple,purple,3,3
128,blue,blue,blue,purple,purple,3,3
129,purple,purple,purple,purple,purple,5,3
130,purple,purple,purple,purple,purple,5,3
131,blue,blue,blue,purple,purple,3,3
132,blue,blue,blue,purple,purple,3,3
133,blue,blue,blue,blue,blue,5,3
134,purple,purple,purple,purple,purple,5,3
135,purple,purple,purple,purple,purple,5,3
136,blue,blue,blue,purple,purple,3,3
137,purple,purple,purple,purple,purple,5,3
138,purple,purple,purple,purple,purple,5,3
139,blue,blue,blue,purple,purple,3,3
140,purple,purple,purple,purple,purple,5,3
141,purple,purple,purple,purple,purple,5,3
142,purple,purple,purple,purple,purple,5,3
143,blue,blue,blue,purple,purple,3,3
144,purple,purple,purple,purple,purple,5,3
145,blue,blue,blue,purple,purple,3,3
146,purple,purple,purple,purple,purple,5,3
147,blue,blue,blue,purple,purple,3,3
148,purple,purple,purple,purple,purple,5,3
149,blue,blue,blue,purple,purple,3,3
150,blue,blue,blue,purple,purple,3,3
151,purple,purple,purple,purple,purple,5,3
152,blue,blue,blue,purple,purple,3,3
153,purple,purple,purple,purple,purple,5,3
154,purple,purple,purple,purple,purple,5,3
155,purple,purple,purple,purple,purple,5,3
156,blue,blue,blue,purple,purple,3,3
157,blue,blue,blue,purple,purple,3,3
158,blue,blue,blue,purple,purple,3,3
159,blue,blue,blue,purple,purple,3,3
160,blue,blue,blue,purple,purple,3,3
161,purple,purple,purple,purple,purple,5,3
162,purple,purple,purple,purple,purple,5,3
163,purple,purple,purple,purple,purple,5,3
164,blue,blue,blue,blue,blue,5,3
165,purple,purple,purple,purple,purple,5,3
166,blue,blue,blue,blue,blue,5,3
167,purple,purple,purple,purple,purple,5,3
168,purple,purple,purple,purple,purple,5,3
169,blue,blue,blue,purple,purple,3,3
170,blue,blue,blue,purple,purple,3,3
171,purple,purple,purple,purple,purple,5,3
172,purple,purple,purple,purple,purple,5,3
173,purple,purple,purple,purple,purple,5,3
174,blue,blue,blue,blue,blue,5,3
175,purple,purple,purple,purple,purple,5,3
176,purple,purple,purple,purple,purple,5,3
177,blue,blue,blue,purple,purple,3,3
178,blue,blue,blue,purple,purple,3,3
179,purple,purple,purple,purple,purple,5,3
180,blue,blue,blue,blue,blue,5,3
181,purple,purple,purple,purple,purple,5,3
182,purple,purple,purple,purple,purple,5,3
183,purple,purple,purple,purple,purple,5,3
184,purple,purple,purple,purple,purple,5,3
185,purple,purple,purple,purple,purple,5,3
186,purple,purple,purple,purple,purple,5,3
187,purple,purple,purple,purple,purple,5,3
188,blue,blue,blue,purple,purple,3,3
189,purple,purple,purple,purple,purple,5,3
190,purple,purple,purple,purple,purple,5,3
191,purple,purple,purple,purple,purple,5,3
192,blue,blue,blue,purple,purple,3,3
193,purple,purple,purple,purple,purple,5,3
194,purple,purple,purple,purple,purple,5,3
195,purple,purple,purple,purple,purple,5,3
196,blue,blue,blue,blue,blue,5,3
197,blue,blue,blue,purple,purple,3,3
198,blue,blue,blue,purple,purple,3,3
199,blue,blue,blue,blue,blue,5,3
200,blue,blue,blue,purple,purple,3,3
201,purple,purple,purple,purple,purple,5,3
202,blue,blue,blue,purple,purple,3,3
203,blue,blue,blue,blue,blue,5,3
204,purple,purple,purple,purple,purple,5,3
205,purple,purple,purple,purple,purple,5,3
206,purple,purple,purple,purple,purple,5,3
207,purple,purple,purple,purple,purple,5,3
208,blue,blue,blue,purple,purple,3,3
209,blue,blue,blue,blue,blue,5,3
210,purple,purple,purple,purple,purple,5,3
211,blue,blue,blue,purple,purple,3,3
212,purple,purple,purple,purple,purple,5,3
213,purple,purple,purple,purple,purple,5,3
214,blue,blue,blue,purple,purple,3,3
215,purple,purple,purple,purple,purple,5,3
216,blue,blue,blue,purple,purple,3,3
217,blue,blue,blue,blue,blue,5,3
218,purple,purple,purple,purple,purple,5,3
219,purple,purple,purple,purple,purple,5,3
220,blue,blue,blue,blue,blue,5,3
221,purple,purple,purple,purple,purple,5,3
222,purple,purple,purple,purple,purple,5,3
223,blue,blue,blue,purple,purple,3,3
224,blue,blue,blue,purple,purple,3,3
225,purple,purple,purple,purple,purple,5,3
226,blue,blue,blue,purple,purple,3,3
227,purple,purple,purple,purple,purple,5,3
228,blue,blue,blue,purple,purple,3,3
229,purple,purple,purple,purple,purple,5,3
230,purple,purple,purple,purple,purple,5,3
231,purple,purple,purple,purple,purple,5,3
232,blue,blue,blue,blue,blue,5,3
233,blue,blue,blue,purple,purple,3,3
234,blue,blue,blue,purple,purple,3,3
235,purple,purple,purple,purple,purple,5,3
236,blue,blue,blue,purple,purple,3,3
237,blue,blue,blue,purple,purple,3,3
238,blue,blue,blue,purple,purple,3,3
239,blue,blue,blue,purple,purple,3,3
240,purple,purple,purple,purple,purple,5,3
241,purple,purple,purple,purple,purple,5,3
242,blue,blue,blue,purple,purple,3,3
243,purple,purple,purple,purple,purple,5,3
244,blue,blue,blue,purple,purple,3,3
245,blue,blue,blue,blue,blue,5,3
246,blue,blue,blue,purple,purple,3,3
247,purple,purple,purple,purple,purple,5,3
248,purple,purple,purple,purple,purple,5,3
249,purple,purple,purple,purple,purple,5,3
250,purple,purple,purple,purple,purple,5,3
251,blue,blue,blue,blue,blue,5,3
252,blue,blue,blue,purple,purple,3,3
253,blue,blue,blue,blue,blue,5,3
254,purple,purple,purple,purple,purple,5,3
255,blue,blue,blue,blue,blue,5,3
256,purple,purple,purple,purple,purple,5,3
257,purple,purple,purple,purple,purple,5,3
258,blue,blue,blue,purple,purple,3,3
259,blue,blue,blue,blue,blue,5,3
260,purple,purple,purple,purple,purple,5,3
261,purple,purple,purple,purple,purple,5,3
262,purple,purple,purple,purple,purple,5,3
263,purple,purple,purple,purple,purple,5,3
264,purple,purple,purple,purple,purple,5,3
265,blue,blue,blue,purple,purple,3,3
266,purple,purple,purple,purple,purple,5,3
267,purple,purple,purple,purple,purple,5,3
268,blue,blue,blue,purple,purple,3,3
269,purple,purple,purple,purple,purple,5,3
270,purple,purple,purple,purple,purple,5,3
271,purple,purple,purple,purple,purple,5,3
272,purple,purple,purple,purple,purple,5,3
273,purple,purple,purple,purple,purple,5,3
274,purple,purple,purple,purple,purple,5,3
275,purple,purple,purple,purple,purple,5,3
276,blue,blue,blue,purple,purple,3,3
277,purple,purple,purple,purple,purple,5,3
278,blue,blue,blue,purple,purple,3,3
279,purple,purple,purple,purple,purple,5,3
280,purple,purple,purple,purple,purple,5,3
281,blue,blue,blue,purple,purple,3,3
282,blue,blue,blue,purple,purple,3,3
283,purple,purple,purple,purple,purple,5,3
284,purple,purple,purple,purple,purple,5,3
285,purple,purple,purple,purple,purple,5,3
286,blue,blue,blue,purple,purple,3,3
287,blue,blue,blue,purple,purple,3,3
288,blue,blue,blue,blue,blue,5,3
289,purple,purple,purple,purple,purple,5,3
290,blue,blue,blue,purple,purple,3,3
291,purple,purple,purple,purple,purple,5,3
292,blue,blue,blue,blue,blue,5,3
293,purple,purple,purple,purple,purple,5,3
294,blue,blue,blue,blue,blue,5,3
295,purple,purple,purple,purple,purple,5,3
296,purple,purple,purple,purple,purple,5,3
297,purple,purple,purple,purple,purple,5,3
298,purple,purple,purple,purple,purple,5,3
299,purple,purple,purple,purple,purple,5,3
300,purple,purple,purple,purple,purple,5,3
301,purple,purple,purple,purple,purple,5,3
302,purple,purple,purple,purple,purple,5,3
303,purple,purple,purple,purple,purple,5,3
304,purple,purple,purple,purple,purple,5,3
305,blue,blue,blue,blue,blue,5,3
306,blue,blue,blue,purple,purple,3,3
307,blue,blue,blue,blue,blue,5,3
308,blue,blue,blue,purple,purple,3,3
309,blue,blue,blue,blue,blue,5,3
310,blue,blue,blue,purple,purple,3,3
311,blue,blue,blue,purple,purple,3,3
312,purple,purple,purple,purple,purple,5,3
313,blue,blue,blue,purple,purple,3,3
314,blue,blue,blue,blue,blue,5,3
315,blue,blue,blue,blue,blue,5,3
316,blue,blue,blue,purple,purple,3,3
317,blue,blue,blue,purple,purple,3,3
318,blue,blue,blue,blue,blue,5,3
319,blue,blue,blue,purple,purple,3,3
320,purple,purple,purple,purple,purple,5,3
321,purple,purple,purple,purple,purple,5,3
322,purple,purple,purple,purple,purple,5,3
323,blue,blue,blue,purple,purple,3,3
324,purple,purple,purple,purple,purple,5,3
325,blue,blue,blue,blue,blue,5,3
326,blue,blue,blue,purple,purple,3,3
327,blue,blue,blue,blue,blue,5,3
328,blue,blue,blue,purple,purple,3,3
329,blue,blue,blue,purple,purple,3,3
330,blue,blue,blue,purple,purple,3,3
331,blue,blue,blue,blue,blue,5,3
332,blue,blue,blue,blue,blue,5,3
333,blue,blue,blue,blue,blue,5,3
334,purple,purple,purple,purple,purple,5,3
335,blue,blue,blue,blue,blue,5,3
336,blue,blue,blue,purple,purple,3,3
337,blue,blue,blue,purple,purple,3,3
338,purple,purple,purple,purple,purple,5,3
339,blue,blue,blue,blue,blue,5,3
340,purple,purple,purple,purple,purple,5,3
341,blue,blue,blue,purple,purple,3,3
342,blue,blue,blue,blue,blue,5,3
343,purple,purple,purple,purple,purple,5,3
344,blue,blue,blue,blue,blue,5,3
345,purple,purple,purple,purple,purple,5,3
346,purple,purple,purple,purple,purple,5,3
347,purple,purple,purple,purple,purple,5,3
348,blue,blue,blue,purple,purple,3,3
349,blue,blue,blue,blue,blue,5,3
350,blue,blue,blue,purple,purple,3,3
351,purple,purple,purple,purple,purple,5,3
352,blue,blue,blue,blue,blue,5,3
353,purple,purple,purple,purple,purple,5,3
354,blue,blue,blue,blue,blue,5,3
355,purple,purple,purple,purple,purple,5,3
356,blue,blue,blue,purple,purple,3,3
357,blue,blue,blue,blue,blue,5,3
358,purple,purple,purple,purple,purple,5,3
359,blue,blue,blue,purple,purple,3,3
360,blue,blue,blue,purple,purple,3,3
361,blue,blue,blue,purple,purple,3,3
362,purple,purple,purple,purple,purple,5,3
363,blue,blue,blue,purple,purple,3,3
364,purple,purple,purple,purple,purple,5,3
365,blue,blue,blue,purple,purple,3,3
366,purple,purple,purple,purple,purple,5,3
367,purple,purple,purple,purple,purple,5,3
368,blue,blue,blue,blue,blue,5,3
369,purple,purple,purple,purple,purple,5,3
370,purple,purple,purple,purple,purple,5,3
371,purple,purple,purple,purple,purple,5,3
372,purple,purple,purple,purple,purple,5,3
373,purple,purple,purple,purple,purple,5,3
374,purple,purple,purple,purple,purple,5,3
375,purple,purple,purple,purple,purple,5,3
376,purple,purple,purple,purple,purple,5,3
377,blue,blue,blue,blue,blue,5,3
378,purple,purple,purple,purple,purple,5,3
379,purple,purple,purple,purple,purple,5,3
380,purple,purple,purple,purple,purple,5,3
381,purple,purple,purple,purple,purple,5,3
382,blue,blue,blue,purple,purple,3,3
383,blue,blue,blue,purple,purple,3,3
384,purple,purple,purple,purple,purple,5,3
385,blue,blue,blue,purple,purple,3,3
386,purple,purple,purple,purple,purple,5,3
387,blue,blue,blue,purple,purple,3,3
388,purple,purple,purple,purple,purple,5,3
389,purple,purple,purple,purple,purple,5,3
390,blue,blue,blue,blue,blue,5,3
391,purple,purple,purple,purple,purple,5,3
392,blue,blue,blue,purple,purple,3,3
393,blue,blue,blue,purple,purple,3,3
394,blue,blue,blue,blue,blue,5,3
395,purple,purple,purple,purple,purple,5,3
396,purple,purple,purple,purple,purple,5,3
397,purple,purple,purple,purple,purple,5,3
398,blue,blue,blue,blue,blue,5,3
399,blue,blue,blue,purple,purple,3,3
400,purple,purple,purple,purple,purple,5,3
401,blue,blue,blue,purple,purple,3,3
402,blue,blue,blue,blue,blue,5,3
403,blue,blue,blue,blue,blue,5,3
404,purple,purple,purple,purple,purple,5,3
405,blue,blue,blue,purple,purple,3,3
406,blue,blue,blue,blue,blue,5,3
407,blue,blue,blue,blue,blue,5,3
408,blue,blue,blue,purple,purple,3,3
409,purple,purple,purple,purple,purple,5,3
410,purple,purple,purple,purple,purple,5,3
411,blue,blue,blue,purple,purple,3,3
412,blue,blue,blue,purple,purple,3,3
413,blue,blue,blue,blue,blue,5,3
414,blue,blue,blue,purple,purple,3,3
415,purple,purple,purple,purple,purple,5,3
416,blue,blue,blue,blue,blue,5,3
417,purple,purple,purple,purple,purple,5,3
418,blue,blue,blue,purple,purple,3,3
419,purple,purple,purple,purple,purple,5,3
420,purple,purple,purple,purple,purple,5,3
421,purple,purple,purple,purple,purple,5,3
422,blue,blue,blue,purple,purple,3,3
423,purple,purple,purple,purple,purple,5,3
424,blue,blue,blue,blue,blue,5,3
425,purple,purple,purple,purple,purple,5,3
426,blue,blue,blue,blue,blue,5,3
427,purple,purple,purple,purple,purple,5,3
428,blue,blue,blue,purple,purple,3,3
429,purple,purple,purple,purple,purple,5,3
430,purple,purple,purple,purple,purple,5,3
431,blue,blue,blue,purple,purple,3,3
432,blue,blue,blue,blue,blue,5,3
433,blue,blue,blue,purple,purple,3,3
434,blue,blue,blue,purple,purple,3,3
435,purple,purple,purple,purple,purple,5,3
436,purple,purple,purple,purple,purple,5,3
437,blue,blue,blue,blue,blue,5,3
438,purple,purple,purple,purple,purple,5,3
439,blue,blue,blue,purple,purple,3,3
440,blue,blue,blue,blue,blue,5,3
441,blue,blue,blue,purple,purple,3,3
442,blue,blue,blue,purple,purple,3,3
443,blue,blue,blue,purple,purple,3,3
444,purple,purple,purple,purple,purple,5,3
445,purple,purple,purple,purple,purple,5,3
446,purple,purple,purple,purple,purple,5,3
447,blue,blue,blue,blue,blue,5,3
448,blue,blue,blue,purple,purple,3,3
449,blue,blue,blue,purple,purple,3,3
450,purple,purple,purple,purple,purple,5,3
451,blue,blue,blue,blue,blue,5,3
452,purple,purple,purple,purple,purple,5,3
453,purple,purple,purple,purple,purple,5,3
454,purple,purple,purple,purple,purple,5,3
455,blue,blue,blue,purple,purple,3,3
456,purple,purple,purple,purple,purple,5,3
457,purple,purple,purple,purple,purple,5,3
458,purple,purple,purple,purple,purple,5,3
459,blue,blue,blue,blue,blue,5,3
460,blue,blue,blue,purple,purple,3,3
461,blue,blue,blue,blue,blue,5,3
462,purple,purple,purple,purple,purple,5,3
463,blue,blue,blue,purple,purple,3,3
464,blue,blue,blue,purple,purple,3,3
465,purple,purple,purple,purple,purple,5,3
466,blue,blue,blue,blue,blue,5,3
467,purple,purple,purple,purple,purple,5,3
468,purple,purple,purple,purple,purple,5,3
469,blue,blue,blue,purple,purple,3,3
470,blue,blue,blue,blue,blue,5,3
471,purple,purple,purple,purple,purple,5,3
472,blue,blue,blue,blue,blue,5,3
473,blue,blue,blue,blue,blue,5,3
474,purple,purple,purple,purple,purple,5,3
475,blue,blue,blue,purple,purple,3,3
476,blue,blue,blue,blue,blue,5,3
477,purple,purple,purple,purple,purple,5,3
478,purple,purple,purple,purple,purple,5,3
479,blue,blue,blue,purple,purple,3,3
480,blue,blue,blue,blue,blue,5,3
481,purple,purple,purple,purple,purple,5,3
482,purple,purple,purple,purple,purple,5,3
483,blue,blue,blue,blue,blue,5,3
484,blue,blue,blue,blue,blue,5,3
485,blue,blue,blue,blue,blue,5,3
486,blue,blue,blue,blue,blue,5,3
487,purple,purple,purple,purple,purple,5,3
488,blue,blue,blue,purple,purple,3,3
489,purple,purple,purple,purple,purple,5,3
490,blue,blue,blue,blue,blue,5,3
491,blue,blue,blue,blue,blue,5,3
492,blue,blue,blue,purple,purple,3,3
493,blue,blue,blue,purple,purple,3,3
494,blue,blue,blue,blue,blue,5,3
495,blue,blue,blue,purple,purple,3,3
496,purple,purple,purple,purple,purple,5,3
497,blue,blue,blue,purple,purple,3,3
498,blue,blue,blue,blue,blue,5,3
499,blue,blue,blue,blue,blue,5,3
500,blue,blue,blue,purple,purple,3,3
501,purple,purple,purple,purple,purple,5,3
502,blue,blue,blue,purple,purple,3,3
503,purple,purple,purple,purple,purple,5,3
504,blue,blue,blue,blue,blue,5,3
505,purple,purple,purple,purple,purple,5,3
506,purple,purple,purple,purple,purple,5,3
507,blue,blue,blue,purple,purple,3,3
508,purple,purple,purple,purple,purple,5,3
509,purple,purple,purple,purple,purple,5,3
510,blue,blue,blue,purple,purple,3,3
511,blue,blue,blue,purple,purple,3,3
512,purple,purple,purple,purple,purple,5,3
513,blue,blue,blue,purple,purple,3,3
514,blue,blue,blue,blue,blue,5,3
515,purple,purple,purple,purple,purple,5,3
516,purple,purple,purple,purple,purple,5,3
517,blue,blue,blue,blue,blue,5,3
518,blue,blue,blue,purple,purple,3,3
519,purple,purple,purple,purple,purple,5,3
520,blue,blue,blue,blue,blue,5,3
521,blue,blue,blue,purple,purple,3,3
522,blue,blue,blue,purple,purple,3,3
523,blue,blue,blue,purple,purple,3,3
524,blue,blue,blue,purple,purple,3,3
525,blue,blue,blue,blue,blue,5,3
526,purple,purple,purple,purple,purple,5,3
527,blue,blue,blue,purple,purple,3,3
528,purple,purple,purple,purple,purple,5,3
529,blue,blue,blue,blue,blue,5,3
530,blue,blue,blue,purple,purple,3,3
531,blue,blue,blue,purple,purple,3,3
532,blue,blue,blue,purple,purple,3,3
533,blue,blue,blue,blue,blue,5,3
534,blue,blue,blue,purple,purple,3,3
535,blue,blue,blue,blue,blue,5,3
536,blue,blue,blue,purple,purple,3,3
537,blue,blue,blue,purple,purple,3,3
538,blue,blue,blue,blue,blue,5,3
539,purple,purple,purple,purple,purple,5,3
540,blue,blue,blue,purple,purple,3,3
541,purple,purple,purple,purple,purple,5,3
542,blue,blue,blue,purple,purple,3,3
543,blue,blue,blue,blue,blue,5,3
544,purple,purple,purple,purple,purple,5,3
545,blue,blue,blue,purple,purple,3,3
546,purple,purple,purple,purple,purple,5,3
547,purple,purple,purple,purple,purple,5,3
548,purple,purple,purple,purple,purple,5,3
549,purple,purple,purple,purple,purple,5,3
550,purple,purple,purple,purple,purple,5,3
551,purple,purple,purple,purple,purple,5,3
552,blue,blue,blue,blue,blue,5,3
553,purple,purple,purple,purple,purple,5,3
554,blue,blue,blue,blue,blue,5,3
555,blue,blue,blue,purple,purple,3,3
556,blue,blue,blue,blue,blue,5,3
557,blue,blue,blue,purple,purple,3,3
558,purple,purple,purple,purple,purple,5,3
559,purple,purple,purple,purple,purple,5,3
560,purple,purple,purple,purple,purple,5,3
561,blue,blue,blue,blue,blue,5,3
562,purple,purple,purple,purple,purple,5,3
563,purple,purple,purple,purple,purple,5,3
564,purple,purple,purple,purple,purple,5,3
565,blue,blue,blue,purple,purple,3,3
566,blue,blue,blue,purple,purple,3,3
567,purple,purple,purple,purple,purple,5,3
568,purple,purple,purple,purple,purple,5,3
569,purple,purple,purple,purple,purple,5,3
570,purple,purple,purple,purple,purple,5,3
571,blue,blue,blue,purple,purple,3,3
572,purple,purple,purple,purple,purple,5,3
573,purple,purple,purple,purple,purple,5,3
574,purple,purple,purple,purple,purple,5,3
575,purple,purple,purple,purple,purple,5,3
576,purple,purple,purple,purple,purple,5,3
577,blue,blue,blue,purple,purple,3,3
578,purple,purple,purple,purple,purple,5,3
579,blue,blue,blue,blue,blue,5,3
580,blue,blue,blue,purple,purple,3,3
581,blue,blue,blue,purple,purple,3,3
582,purple,purple,purple,purple,purple,5,3
583,blue,blue,blue,purple,purple,3,3
584,purple,purple,purple,purple,purple,5,3
585,blue,blue,blue,purple,purple,3,3
586,purple,purple,purple,purple,purple,5,3
587,purple,purple,purple,purple,purple,5,3
588,purple,purple,purple,purple,purple,5,3
589,blue,blue,blue,blue,blue,5,3
590,purple,purple,purple,purple,purple,5,3
591,blue,blue,blue,blue,blue,5,3
592,purple,purple,purple,purple,purple,5,3
593,purple,purple,purple,purple,purple,5,3
594,blue,blue,blue,purple,purple,3,3
595,blue,blue,blue,blue,blue,5,3
596,blue,blue,blue,blue,blue,5,3
597,blue,blue,blue,purple,purple,3,3
598,blue,blue,blue,blue,blue,5,3
599,purple,purple,purple,purple,purple,5,3
600,blue,blue,blue,blue,blue,5,3
601,purple,purple,purple,purple,purple,5,3
602,blue,blue,blue,blue,blue,5,3
603,blue,blue,blue,blue,blue,5,3
604,purple,purple,purple,purple,purple,5,3
605,blue,blue,blue,purple,purple,3,3
606,blue,blue,blue,blue,blue,5,3
607,purple,purple,purple,purple,purple,5,3
608,blue,blue,blue,blue,blue,5,3
609,blue,blue,blue,purple,purple,3,3
610,purple,purple,purple,purple,purple,5,3
611,purple,purple,purple,purple,purple,5,3
612,blue,blue,blue,purple,purple,3,3
613,purple,purple,purple,purple,purple,5,3
614,purple,purple,purple,purple,purple,5,3
615,purple,purple,purple,purple,purple,5,3
616,blue,blue,blue,purple,purple,3,3
617,blue,blue,blue,purple,purple,3,3
618,blue,blue,blue,purple,purple,3,3
619,purple,purple,purple,purple,purple,5,3
620,purple,purple,purple,purple,purple,5,3
621,blue,blue,blue,purple,purple,3,3
622,blue,blue,blue,purple,purple,3,3
623,purple,purple,purple,purple,purple,5,3
624,blue,blue,blue,purple,purple,3,3
625,purple,purple,purple,purple,purple,5,3
626,purple,purple,purple,purple,purple,5,3
627,blue,blue,blue,purple,purple,3,3
628,blue,blue,blue,purple,purple,3,3
629,purple,purple,purple,purple,purple,5,3
630,purple,purple,purple,purple,purple,5,3
631,blue,blue,blue,blue,blue,5,3
632,blue,blue,blue,blue,blue,5,3
633,purple,purple,purple,purple,purple,5,3
634,blue,blue,blue,blue,blue,5,3
635,purple,purple,purple,purple,purple,5,3
636,blue,blue,blue,purple,purple,3,3
637,blue,blue,blue,purple,purple,3,3
638,blue,blue,blue,blue,blue,5,3
639,blue,blue,blue,purple,purple,3,3
640,purple,purple,purple,purple,purple,5,3
641,purple,purple,purple,purple,purple,5,3
642,purple,purple,purple,purple,purple,5,3
643,blue,blue,blue,purple,purple,3,3
644,blue,blue,blue,purple,purple,3,3
645,blue,blue,blue,purple,purple,3,3
646,blue,blue,blue,blue,blue,5,3
647,blue,blue,blue,purple,purple,3,3
648,blue,blue,blue,purple,purple,3,3
649,purple,purple,purple,purple,purple,5,3
650,purple,purple,purple,purple,purple,5,3
651,purple,purple,purple,purple,purple,5,3
652,purple,purple,purple,purple,purple,5,3
653,purple,purple,purple,purple,purple,5,3
654,blue,blue,blue,purple,purple,3,3
655,purple,purple,purple,purple,purple,5,3
656,purple,purple,purple,purple,purple,5,3
657,purple,purple,purple,purple,purple,5,3
658,purple,purple,purple,purple,purple,5,3
659,blue,blue,blue,blue,blue,5,3
660,purple,purple,purple,purple,purple,5,3
661,blue,blue,blue,blue,blue,5,3
662,purple,purple,purple,purple,purple,5,3
663,purple,purple,purple,purple,purple,5,3
664,purple,purple,purple,purple,purple,5,3
665,purple,purple,purple,purple,purple,5,3
666,blue,blue,blue,blue,blue,5,3
667,purple,purple,purple,purple,purple,5,3
668,purple,purple,purple,purple,purple,5,3
669,blue,blue,blue,blue,blue,5,3
670,purple,purple,purple,purple,purple,5,3
671,purple,purple,purple,purple,purple,5,3
672,blue,blue,blue,blue,blue,5,3
673,blue,blue,blue,purple,purple,3,3
674,blue,blue,blue,blue,blue,5,3
675,blue,blue,blue,purple,purple,3,3
676,blue,blue,blue,blue,blue,5,3
677,blue,blue,blue,blue,blue,5,3
678,blue,blue,blue,blue,blue,5,3
679,blue,blue,blue,blue,blue,5,3
680,purple,purple,purple,purple,purple,5,3
681,purple,purple,purple,purple,purple,5,3
682,purple,purple,purple,purple,purple,5,3
683,blue,blue,blue,blue,blue,5,3
684,blue,blue,blue,blue,blue,5,3
685,blue,blue,blue,purple,purple,3,3
686,blue,blue,blue,purple,purple,3,3
687,purple,purple,purple,purple,purple,5,3
688,purple,purple,purple,purple,purple,5,3
689,blue,blue,blue,purple,purple,3,3
690,blue,blue,blue,purple,purple,3,3
691,blue,blue,blue,purple,purple,3,3
692,purple,purple,purple,purple,purple,5,3
693,purple,purple,purple,purple,purple,5,3
694,purple,purple,purple,purple,purple,5,3
695,blue,blue,blue,purple,purple,3,3
696,blue,blue,blue,purple,purple,3,3
697,purple,purple,purple,purple,purple,5,3
698,purple,purple,purple,purple,purple,5,3
699,blue,blue,blue,blue,blue,5,3
700,purple,purple,purple,purple,purple,5,3
701,blue,blue,blue,blue,blue,5,3
702,purple,purple,purple,purple,purple,5,3
703,purple,purple,purple,purple,purple,5,3
704,purple,purple,purple,purple,purple,5,3
705,purple,purple,purple,purple,purple,5,3
706,blue,blue,blue,purple,purple,3,3
707,purple,purple,purple,purple,purple,5,3
708,purple,purple,purple,purple,purple,5,3
709,blue,blue,blue,purple,purple,3,3
710,blue,blue,blue,blue,blue,5,3
711,blue,blue,blue,purple,purple,3,3
712,blue,blue,blue,purple,purple,3,3
713,purple,purple,purple,purple,purple,5,3
714,blue,blue,blue,purple,purple,3,3
715,purple,purple,purple,purple,purple,5,3
716,purple,purple,purple,purple,purple,5,3
717,purple,purple,purple,purple,purple,5,3
718,purple,purple,purple,purple,purple,5,3
719,blue,blue,blue,blue,blue,5,3
720,blue,blue,blue,blue,blue,5,3
721,purple,purple,purple,purple,purple,5,3
722,blue,blue,blue,blue,blue,5,3
723,purple,purple,purple,purple,purple,5,3
724,blue,blue,blue,purple,purple,3,3
725,purple,purple,purple,purple,purple,5,3
726,purple,purple,purple,purple,purple,5,3
727,purple,purple,purple,purple,purple,5,3
728,blue,blue,blue,purple,purple,3,3
729,purple,purple,purple,purple,purple,5,3
730,purple,purple,purple,purple,purple,5,3
731,purple,purple,purple,purple,purple,5,3
732,purple,purple,purple,purple,purple,5,3
733,purple,purple,purple,purple,purple,5,3
734,purple,purple,purple,purple,purple,5,3
735,blue,blue,blue,purple,purple,3,3
736,blue,blue,blue,blue,blue,5,3
737,purple,purple,purple,purple,purple,5,3
738,purple,purple,purple,purple,purple,5,3
739,blue,blue,blue,purple,purple,3,3
740,purple,purple,purple,purple,purple,5,3
741,purple,purple,purple,purple,purple,5,3
742,blue,blue,blue,purple,purple,3,3
743,blue,blue,blue,purple,purple,3,3
744,purple,purple,purple,purple,purple,5,3
745,blue,blue,blue,blue,blue,5,3
746,blue,blue,blue,blue,blue,5,3
747,purple,purple,purple,purple,purple,5,3
748,blue,blue,blue,blue,blue,5,3
749,purple,purple,purple,purple,purple,5,3
750,purple,purple,purple,purple,purple,5,3
751,blue,blue,blue,blue,blue,5,3
752,purple,purple,purple,purple,purple,5,3
753,blue,blue,blue,blue,blue,5,3
754,purple,purple,purple,purple,purple,5,3
755,purple,purple,purple,purple,purple,5,3
756,purple,purple,purple,purple,purple,5,3
757,blue,blue,blue,blue,blue,5,3
758,purple,purple,purple,purple,purple,5,3
759,blue,blue,blue,blue,blue,5,3
760,purple,purple,purple,purple,purple,5,3
761,blue,blue,blue,blue,blue,5,3
762,blue,blue,blue,purple,purple,3,3
763,purple,purple,purple,purple,purple,5,3
764,blue,blue,blue,blue,blue,5,3
765,purple,purple,purple,purple,purple,5,3
766,purple,purple,purple,purple,purple,5,3
767,blue,blue,blue,purple,purple,3,3
768,blue,blue,blue,blue,blue,5,3
769,blue,blue,blue,purple,purple,3,3
770,purple,purple,purple,purple,purple,5,3
771,purple,purple,purple,purple,purple,5,3
772,purple,purple,purple,purple,purple,5,3
773,purple,purple,purple,purple,purple,5,3
774,purple,purple,purple,purple,purple,5,3
775,blue,blue,blue,purple,purple,3,3
776,blue,blue,blue,blue,blue,5,3
777,blue,blue,blue,purple,purple,3,3
778,blue,blue,blue,purple,purple,3,3
779,purple,purple,purple,purple,purple,5,3
780,blue,blue,blue,purple,purple,3,3
781,purple,purple,purple,purple,purple,5,3
782,blue,blue,blue,purple,purple,3,3
783,purple,purple,purple,purple,purple,5,3
784,purple,purple,purple,purple,purple,5,3
785,blue,blue,blue,blue,blue,5,3
786,blue,blue,blue,blue,blue,5,3
787,blue,blue,blue,blue,blue,5,3
788,purple,purple,purple,purple,purple,5,3
789,blue,blue,blue,purple,purple,3,3
790,blue,blue,blue,purple,purple,3,3
791,purple,purple,purple,purple,purple,5,3
792,blue,blue,blue,purple,purple,3,3
793,purple,purple,purple,purple,purple,5,3
794,purple,purple,purple,purple,purple,5,3
795,blue,blue,blue,purple,purple,3,3
796,purple,purple,purple,purple,purple,5,3
797,blue,blue,blue,purple,purple,3,3
798,blue,blue,blue,purple,purple,3,3
799,purple,purple,purple,purple,purple,5,3
800,purple,purple,purple,purple,purple,5,3
801,blue,blue,blue,purple,purple,3,3
802,purple,purple,purple,purple,purple,5,3
803,purple,purple,purple,purple,purple,5,3
804,blue,blue,blue,purple,purple,3,3
805,blue,blue,blue,blue,blue,5,3
806,purple,purple,purple,purple,purple,5,3
807,blue,blue,blue,purple,purple,3,3
808,purple,purple,purple,purple,purple,5,3
809,purple,purple,purple,purple,purple,5,3
810,blue,blue,blue,blue,blue,5,3
811,purple,purple,purple,purple,purple,5,3
812,blue,blue,blue,purple,purple,3,3
813,blue,blue,blue,blue,blue,5,3
814,purple,purple,purple,purple,purple,5,3
815,blue,blue,blue,blue,blue,5,3
816,blue,blue,blue,blue,blue,5,3
817,purple,purple,purple,purple,purple,5,3
818,purple,purple,purple,purple,purple,5,3
819,blue,blue,blue,purple,purple,3,3
820,blue,blue,blue,blue,blue,5,3
821,blue,blue,blue,blue,blue,5,3
822,blue,blue,blue,purple,purple,3,3
823,blue,blue,blue,purple,purple,3,3
824,blue,blue,blue,purple,purple,3,3
825,blue,blue,blue,blue,blue,5,3
826,blue,blue,blue,blue,blue,5,3
827,blue,blue,blue,purple,purple,3,3
828,blue,blue,blue,blue,blue,5,3
829,blue,blue,blue,blue,blue,5,3
830,purple,purple,purple,purple,purple,5,3
831,blue,blue,blue,purple,purple,3,3
832,purple,purple,purple,purple,purple,5,3
833,purple,purple,purple,purple,purple,5,3
834,blue,blue,blue,purple,purple,3,3
835,purple,purple,purple,purple,purple,5,3
836,blue,blue,blue,purple,purple,3,3
837,blue,blue,blue,blue,blue,5,3
838,blue,blue,blue,purple,purple,3,3
839,blue,blue,blue,blue,blue,5,3
840,blue,blue,blue,purple,purple,3,3
841,purple,purple,purple,purple,purple,5,3
842,blue,blue,blue,purple,purple,3,3
843,purple,purple,purple,purple,purple,5,3
844,blue,blue,blue,purple,purple,3,3
845,purple,purple,purple,purple,purple,5,3
846,purple,purple,purple,purple,purple,5,3
847,blue,blue,blue,blue,blue,5,3
848,purple,purple,purple,purple,purple,5,3
849,purple,purple,purple,purple,purple,5,3
850,purple,purple,purple,purple,purple,5,3
851,blue,blue,blue,blue,blue,5,3
852,blue,blue,blue,purple,purple,3,3
853,blue,blue,blue,blue,blue,5,3
854,blue,blue,blue,blue,blue,5,3
855,purple,purple,purple,purple,purple,5,3
856,purple,purple,purple,purple,purple,5,3
857,blue,blue,blue,purple,purple,3,3
858,blue,blue,blue,blue,blue,5,3
859,blue,blue,blue,purple,purple,3,3
860,purple,purple,purple,purple,purple,5,3
861,blue,blue,blue,purple,purple,3,3
862,blue,blue,blue,purple,purple,3,3
863,purple,purple,purple,purple,purple,5,3
864,blue,blue,blue,blue,blue,5,3
865,purple,purple,purple,purple,purple,5,3
866,purple,purple,purple,purple,purple,5,3
867,purple,purple,purple,purple,purple,5,3
868,purple,purple,purple,purple,purple,5,3
869,blue,blue,blue,purple,purple,3,3
870,blue,blue,blue,blue,blue,5,3
871,blue,blue,blue,purple,purple,3,3
872,blue,blue,blue,purple,purple,3,3
873,purple,purple,purple,purple,purple,5,3
874,blue,blue,blue,blue,blue,5,3
875,purple,purple,purple,purple,purple,5,3
876,purple,purple,purple,purple,purple,5,3
877,blue,blue,blue,purple,purple,3,3
878,purple,purple,purple,purple,purple,5,3
879,purple,purple,purple,purple,purple,5,3
880,blue,blue,blue,purple,purple,3,3
881,purple,purple,purple,purple,purple,5,3
882,purple,purple,purple,purple,purple,5,3
883,blue,blue,blue,purple,purple,3,3
884,blue,blue,blue,purple,purple,3,3
885,purple,purple,purple,purple,purple,5,3
886,blue,blue,blue,purple,purple,3,3
887,purple,purple,purple,purple,purple,5,3
888,blue,blue,blue,blue,blue,5,3
889,blue,blue,blue,purple,purple,3,3
890,purple,purple,purple,purple,purple,5,3
891,blue,blue,blue,blue,blue,5,3
892,purple,purple,purple,purple,purple,5,3
893,blue,blue,blue,blue,blue,5,3
894,blue,blue,blue,blue,blue,5,3
895,purple,purple,purple,purple,purple,5,3
896,purple,purple,purple,purple,purple,5,3
897,blue,blue,blue,purple,purple,3,3
898,purple,purple,purple,purple,purple,5,3
899,purple,purple,purple,purple,purple,5,3
900,purple,purple,purple,purple,purple,5,3
901,purple,purple,purple,purple,purple,5,3
902,blue,blue,blue,blue,blue,5,3
903,purple,purple,purple,purple,purple,5,3
904,purple,purple,purple,purple,purple,5,3
905,blue,blue,blue,blue,blue,5,3
906,purple,purple,purple,purple,purple,5,3
907,blue,blue,blue,purple,purple,3,3
908,purple,purple,purple,purple,purple,5,3
909,purple,purple,purple,purple,purple,5,3
910,purple,purple,purple,purple,purple,5,3
911,purple,purple,purple,purple,purple,5,3
912,purple,purple,purple,purple,purple,5,3
913,blue,blue,blue,purple,purple,3,3
914,purple,purple,purple,purple,purple,5,3
915,purple,purple,purple,purple,purple,5,3
916,purple,purple,purple,purple,purple,5,3
917,purple,purple,purple,purple,purple,5,3
918,blue,blue,blue,purple,purple,3,3
919,purple,purple,purple,purple,purple,5,3
920,blue,blue,blue,blue,blue,5,3
921,purple,purple,purple,purple,purple,5,3
922,purple,purple,purple,purple,purple,5,3
923,purple,purple,purple,purple,purple,5,3
924,blue,blue,blue,purple,purple,3,3
925,blue,blue,blue,purple,purple,3,3
926,blue,blue,blue,purple,purple,3,3
927,blue,blue,blue,purple,purple,3,3
928,blue,blue,blue,blue,blue,5,3
929,purple,purple,purple,purple,purple,5,3
930,purple,purple,purple,purple,purple,5,3
931,blue,blue,blue,blue,blue,5,3
932,purple,purple,purple,purple,purple,5,3
933,purple,purple,purple,purple,purple,5,3
934,purple,purple,purple,purple,purple,5,3
935,blue,blue,blue,blue,blue,5,3
936,purple,purple,purple,purple,purple,5,3
937,purple,purple,purple,purple,purple,5,3
938,purple,purple,purple,purple,purple,5,3
939,purple,purple,purple,purple,purple,5,3
940,purple,purple,purple,purple,purple,5,3
941,purple,purple,purple,purple,purple,5,3
942,purple,purple,purple,purple,purple,5,3
943,purple,purple,purple,purple,purple,5,3
944,purple,purple,purple,purple,purple,5,3
945,blue,blue,blue,purple,purple,3,3
946,purple,purple,purple,purple,purple,5,3
947,blue,blue,blue,purple,purple,3,3
948,blue,blue,blue,blue,blue,5,3
949,blue,blue,blue,purple,purple,3,3
950,purple,purple,purple,purple,purple,5,3
951,blue,blue,blue,purple,purple,3,3
952,purple,purple,purple,purple,purple,5,3
953,blue,blue,blue,blue,blue,5,3
954,blue,blue,blue,purple,purple,3,3
955,purple,purple,purple,purple,purple,5,3
956,blue,blue,blue,purple,purple,3,3
957,blue,blue,blue,purple,purple,3,3
958,blue,blue,blue,blue,blue,5,3
959,blue,blue,blue,blue,blue,5,3
960,blue,blue,blue,purple,purple,3,3
961,purple,purple,purple,purple,purple,5,3
962,purple,purple,purple,purple,purple,5,3
963,blue,blue,blue,blue,blue,5,3
964,purple,purple,purple,purple,purple,5,3
965,blue,blue,blue,purple,purple,3,3
966,purple,purple,purple,purple,purple,5,3
967,blue,blue,blue,purple,purple,3,3
968,blue,blue,blue,blue,blue,5,3
969,blue,blue,blue,blue,blue,5,3
970,purple,purple,purple,purple,purple,5,3
971,purple,purple,purple,purple,purple,5,3
972,purple,purple,purple,purple,purple,5,3
973,blue,blue,blue,purple,purple,3,3
974,purple,purple,purple,purple,purple,5,3
975,blue,blue,blue,blue,blue,5,3
976,blue,blue,blue,blue,blue,5,3
977,blue,blue,blue,blue,blue,5,3
978,blue,blue,blue,purple,purple,3,3
979,purple,purple,purple,purple,purple,5,3
980,blue,blue,blue,purple,purple,3,3
981,blue,blue,blue,purple,purple,3,3
982,purple,purple,purple,purple,purple,5,3
983,blue,blue,blue,purple,purple,3,3
984,purple,purple,purple,purple,purple,5,3
985,purple,purple,purple,purple,purple,5,3
986,purple,purple,purple,purple,purple,5,3
987,blue,blue,blue,blue,blue,5,3
988,purple,purple,purple,purple,purple,5,3
989,purple,purple,purple,purple,purple,5,3
990,blue,blue,blue,purple,purple,3,3
991,blue,blue,blue,purple,purple,3,3
992,blue,blue,blue,purple,purple,3,3
993,purple,purple,purple,purple,purple,5,3
994,purple,purple,purple,purple,purple,5,3
995,blue,blue,blue,purple,purple,3,3
996,purple,purple,purple,purple,purple,5,3
997,blue,blue,blue,blue,blue,5,3
998,purple,purple,purple,purple,purple,5,3
999,blue,blue,blue,purple,purple,3,3
1000,blue,blue,blue,purple,purple,3,3
count blue,504,504,504,204,204,700,0
count purple,496,496,496,796,796,300,1000
